"Path","UpstreamSHA256","VendoredSHA256","Modified"
"Scripts\Attributes\BulletAttribute.cs","8582FACEA71B7279CBC1BB0A0BE16F223EAC190B47773351C8EAB9D9E65D8595","8582FACEA71B7279CBC1BB0A0BE16F223EAC190B47773351C8EAB9D9E65D8595","False"
"Scripts\Attributes\CollectableAttribute.cs","4025EE9494934CED9DEA286996D669F741FBF0F29BEB9C6310B2C4974ADC24EF","4025EE9494934CED9DEA286996D669F741FBF0F29BEB9C6310B2C4974ADC24EF","False"
"Scripts\Attributes\DestroyForPointsAttribute.cs","84856E8B47C8EF081AFD61D4F5C150B21D2E85214EA9A5BEAE672C5D9AC7D75C","84856E8B47C8EF081AFD61D4F5C150B21D2E85214EA9A5BEAE672C5D9AC7D75C","False"
"Scripts\Attributes\HealthSystemAttribute.cs","2EF2C403AEBCF7F6CBFF51C1E86F857FAF1E2059D2307256C819EA402C2722C1","2EF2C403AEBCF7F6CBFF51C1E86F857FAF1E2059D2307256C819EA402C2722C1","False"
"Scripts\Attributes\ModifyHealthAttribute.cs","D5C9BFDE41714614A42614C2B6316790CED910FDBC69107499FB773E2C955472","D5C9BFDE41714614A42614C2B6316790CED910FDBC69107499FB773E2C955472","False"
"Scripts\Attributes\ResourceAttribute.cs","3561859B39C026D94476681DBC8B7480F5ED4C873B19BFF5CE0F8C05D54BC800","3561859B39C026D94476681DBC8B7480F5ED4C873B19BFF5CE0F8C05D54BC800","False"
"Scripts\Conditions\ConditionArea.cs","7656CDB08B361C930118CAD492E23232C22C7DE3AE72AF439ED51820EFDDA143","7656CDB08B361C930118CAD492E23232C22C7DE3AE72AF439ED51820EFDDA143","False"
"Scripts\Conditions\ConditionCollision.cs","E3D208747AC70F09F310D3AA0DDA72717D0CF587E660704FDEBB2EB70828B7AE","E3D208747AC70F09F310D3AA0DDA72717D0CF587E660704FDEBB2EB70828B7AE","False"
"Scripts\Conditions\ConditionKeyPress.cs","1D71C5BF7D6F92E88C4EDB5D4F0EA11AF227D30C4A68FEE0B343F6D3089CE9B9","1D71C5BF7D6F92E88C4EDB5D4F0EA11AF227D30C4A68FEE0B343F6D3089CE9B9","False"
"Scripts\Conditions\ConditionRepeat.cs","FB5CA56C3E08DE344778F00656BC25D4242EE9DF16004A053C555152B6272502","FB5CA56C3E08DE344778F00656BC25D4242EE9DF16004A053C555152B6272502","False"
"Scripts\Conditions\Actions\ConsumeResourceAction.cs","458129F1ED6C87B6B3DF75CD2A737973385695874ED455D1E13DE73161CFBE7A","458129F1ED6C87B6B3DF75CD2A737973385695874ED455D1E13DE73161CFBE7A","False"
"Scripts\Conditions\Actions\CreateObjectAction.cs","B78F41813DAFE626254A8C9009ED1703719F5AFFB503B27304705E78F44A963A","B78F41813DAFE626254A8C9009ED1703719F5AFFB503B27304705E78F44A963A","False"
"Scripts\Conditions\Actions\DestroyAction.cs","8B91512C5B45AE68BA4664D54E21196FF3D0A30796EC765995F803272286299F","8B91512C5B45AE68BA4664D54E21196FF3D0A30796EC765995F803272286299F","False"
"Scripts\Conditions\Actions\DialogueBalloonAction.cs","1D97EBCEF11EEFE6619FE215B8B22C8E4529C3CC2B090A9DB4821A8D2E8B9583","1D97EBCEF11EEFE6619FE215B8B22C8E4529C3CC2B090A9DB4821A8D2E8B9583","False"
"Scripts\Conditions\Actions\LoadLevelAction.cs","2471CC75307440E45FDBBC0EDA2FBC490A4AEE50A4B0923B22FCE54ED32EBD66","2471CC75307440E45FDBBC0EDA2FBC490A4AEE50A4B0923B22FCE54ED32EBD66","False"
"Scripts\Conditions\Actions\OnOffAction.cs","51D745392E1696DC8A4A7682AABEF2A47565814933114E9D12DD81B95FB45DAD","51D745392E1696DC8A4A7682AABEF2A47565814933114E9D12DD81B95FB45DAD","False"
"Scripts\Conditions\Actions\TeleportAction.cs","19868E987B59DB2406C847761E28EAC7E6D20E7DC0E8990DD5387BDA55B4F50D","19868E987B59DB2406C847761E28EAC7E6D20E7DC0E8990DD5387BDA55B4F50D","False"
"Scripts\Gameplay\ObjectCreatorArea.cs","8AD74523DC669A590B5CD8255603F29FF90FB0097D74CD95748834A13F8F6AC6","8AD74523DC669A590B5CD8255603F29FF90FB0097D74CD95748834A13F8F6AC6","False"
"Scripts\Gameplay\ObjectShooter.cs","01D80D425BDFC652CD5BE3B2CD74900D6A1183F183225B6FC981637D111F34C8","01D80D425BDFC652CD5BE3B2CD74900D6A1183F183225B6FC981637D111F34C8","False"
"Scripts\Gameplay\PickUpAndHold.cs","7EEFFFF32642D6202AF6EA6401027E8D7D6CDA57AA2195F468BBB81BE38B7054","7EEFFFF32642D6202AF6EA6401027E8D7D6CDA57AA2195F468BBB81BE38B7054","False"
"Scripts\Gameplay\TimedSelfDestruct.cs","52C5C9DD7FDB9BF5B5E2C93AAAFF8BA01D7BC4AAD5F303FE993DB2AF944AA52C","52C5C9DD7FDB9BF5B5E2C93AAAFF8BA01D7BC4AAD5F303FE993DB2AF944AA52C","False"
"Scripts\Movement\AutoMove.cs","7A92AAC93DCADA9D8509E6F5A3405330EF407F727C121DF9D7866969705E1839","7A92AAC93DCADA9D8509E6F5A3405330EF407F727C121DF9D7866969705E1839","False"
"Scripts\Movement\AutoRotate.cs","B987772708773D2E948FADCF1F3D6B65CBC169824F6D4AC18D981CBA9D53ABB1","B987772708773D2E948FADCF1F3D6B65CBC169824F6D4AC18D981CBA9D53ABB1","False"
"Scripts\Movement\CameraFollow.cs","2357B7DFE842846F48B93F4EAAC2B53E91BF2D518E0A9C6985460C930ED24818","2357B7DFE842846F48B93F4EAAC2B53E91BF2D518E0A9C6985460C930ED24818","False"
"Scripts\Movement\FollowTarget.cs","4818E25BDE5787E0BB93974ADF6978F4DD4BF00AD0864C328135EB578184A594","4818E25BDE5787E0BB93974ADF6978F4DD4BF00AD0864C328135EB578184A594","False"
"Scripts\Movement\Jump.cs","3D677ECAD199185BA5DC1E30DDD9F4E54AC619D3441BF7E3F483B0A8922E6331","F6ED828A422DCCA4546776836DC2F9CFB8A06585933E1025F7AC64E7CF4A7205","True"
"Scripts\Movement\Move.cs","D8C192821E0E848454FA21990BE8916B4F6D37DCCD0DEBBA39B91B2EC43BE805","75C2AD33D6A70A99B234653ABC7119DA9D0562E24B75642CEC62BD6EF3E43DE6","True"
"Scripts\Movement\Patrol.cs","29DAC922A7CA0636019CB9446A9C148B65AC4124E7C91B0AC20B4EAF31393DFB","29DAC922A7CA0636019CB9446A9C148B65AC4124E7C91B0AC20B4EAF31393DFB","False"
"Scripts\Movement\Push.cs","539B8854C24772D115A7D10EE9B52686A3F41AFA3D0E71A0626CA0284D4885BF","539B8854C24772D115A7D10EE9B52686A3F41AFA3D0E71A0626CA0284D4885BF","False"
"Scripts\Movement\Rotate.cs","83960FDFF945B289E1BB86B69A9A142DD90FACC3764914DCDE3009774B50D368","83960FDFF945B289E1BB86B69A9A142DD90FACC3764914DCDE3009774B50D368","False"
"Scripts\Movement\Wander.cs","0F90DE4FA12015D98E483314273C2EA00D77143C59EE2F30D3FBAA297BB4DB74","0F90DE4FA12015D98E483314273C2EA00D77143C59EE2F30D3FBAA297BB4DB74","False"
"_Internal\Scripts\BaseClasses\Action.cs","273AD8FA3452A8D8059EC5743BD8829988C8ABB9A3AEEE2B5DDAAE03A06D7226","273AD8FA3452A8D8059EC5743BD8829988C8ABB9A3AEEE2B5DDAAE03A06D7226","False"
"_Internal\Scripts\BaseClasses\ConditionBase.cs","04F191BD451822502A24A56191DFDE53023A6BE6ECBB46B84C083A5F76568FA2","04F191BD451822502A24A56191DFDE53023A6BE6ECBB46B84C083A5F76568FA2","False"
"_Internal\Scripts\BaseClasses\Physics2DObject.cs","949AA30C7988EE6C73FCB7C33A3F89BDE6E71FE10BB72BE5EA80E97A88947448","949AA30C7988EE6C73FCB7C33A3F89BDE6E71FE10BB72BE5EA80E97A88947448","False"
"_Internal\Scripts\UserInterface\BalloonScript.cs","34723D6C0B53F1B34B23A49D517A56A66B87B4F7C37F05A8F9C8374D3AEF9047","34723D6C0B53F1B34B23A49D517A56A66B87B4F7C37F05A8F9C8374D3AEF9047","False"
"_Internal\Scripts\UserInterface\DialogueSystem.cs","A2E44E3CCA1B8F9342522A554AC96622ED26875B26BE5A990615BCA02DA2B07D","A2E44E3CCA1B8F9342522A554AC96622ED26875B26BE5A990615BCA02DA2B07D","False"
"_Internal\Scripts\UserInterface\UIItemScript.cs","9CBA4ACF49D42F213556518521990DD0223436849BB299B0B77B008B37F9996D","9CBA4ACF49D42F213556518521990DD0223436849BB299B0B77B008B37F9996D","False"
"_Internal\Scripts\UserInterface\UIScript.cs","DAB017501ADD9EBF511C02D0922E4BCE4CFCD6FFE0C8D583617261278A1413A2","DAB017501ADD9EBF511C02D0922E4BCE4CFCD6FFE0C8D583617261278A1413A2","False"
"_Internal\Scripts\Utilities\Enums.cs","E51B3BBA84DBDB2C9C63F51D72F1910366A69C027115008EBA935EE707EB02B6","E51B3BBA84DBDB2C9C63F51D72F1910366A69C027115008EBA935EE707EB02B6","False"
"_Internal\Scripts\Utilities\InputUtils.cs","930F9EE486812594F0D98F77E1E75A2389AB328C4FF28B5854616A9CB3BE4208","3E134FB117523C87A93EDB53FBBFA901B2725415031E2E68F9D34403FF2A678E","True"
"_Internal\Scripts\Utilities\InventoryResources.cs","CA0C5EFE32E1478DB33A1B5B9BA1983CA795A32B4BB92CFA883F085CF8AF8A86","CA0C5EFE32E1478DB33A1B5B9BA1983CA795A32B4BB92CFA883F085CF8AF8A86","False"
"_Internal\Scripts\Utilities\Utils.cs","085635BE669093D3E13BB6E4277D9FE51E9869B8D9B4ACB73F18A219BF344E8E","30A49B7F9C8EE095DDC03E6C77332B1C2C660F09FCB31563A94C8CD53A3F3813","True"
